{
  "degree": 2,
  "knots": [0, 0, 0, 1, 1, 1],
  "controlPoints": [
    { "x": 161.5, "y": 438.203125 },
    { "x": 201.5, "y": 254.203125 },
    { "x": 443.5, "y": 366.203125 }
  ]
}
